Future Creative Assistant     ;Liz                 ;Holz                ;tammo.boyde                   ;05.04.1967;A+ ;
Legacy Creative Consultant    ;Nikita              ;Madubuko            ;lennert.holzner               ;24.09.1981;A+ ;
Human Communications Assistant;Maxima              ;Herweg              ;karl.mehlorn                  ;04.06.1992;AB+;
Global Web Associate          ;Sofie               ;Eich                ;carsten.schreiner             ;19.05.1992;O+ ;
Human Metrics Orchestrator    ;Alena               ;Ender               ;sophia.moede                  ;29.11.1963;AB+;
District Markets Analyst      ;Noemi               ;Dylus               ;hendrik.stürmer               ;31.05.1962;B- ;
Future Configuration Coordinat;Josephine           ;Barylla             ;jack.kawohl                   ;19.10.1994;B- ;
Investor Optimization Designer;Levke               ;Senkel              ;annabell.lorenz               ;26.05.1977;AB-;
National Intranet Technician  ;Chris               ;Schilling           ;franziska.kleeberg            ;28.08.1978;O- ;
Internal Identity Facilitator ;Ole                 ;Mögenburg           ;said.siewert                  ;25.01.1991;A+ ;
Dynamic Tactics Officer       ;Marlen              ;Kohnle              ;fritz.plautz                  ;11.01.2001;O+ ;
Legacy Optimization Engineer  ;Tim                 ;Lichtenhagen        ;linus.schnieder               ;22.11.2003;A- ;
National Mobility Consultant  ;Dorian              ;Pohl                ;finley.seiders                ;07.10.1962;O- ;
Investor Mobility Designer    ;Tamia               ;Sauer               ;katharina.fuchs               ;01.03.1989;AB-;
International Accounts Supervi;Mark                ;Birkemeyer          ;pepe.reumann                  ;27.03.1977;AB+;
Dynamic Data Strategist       ;Aurora              ;Rentz               ;malin.seelig                  ;22.11.1976;B+ ;
Future Factors Planner        ;Andrea              ;Wanner              ;tamina.kulma                  ;12.12.1978;O+ ;
Lead Research Designer        ;Vivienne            ;Überacker           ;marius.wolfarth               ;17.01.1982;O+ ;
Investor Paradigm Planner     ;Medine              ;Crews               ;samantha.ernst                ;30.11.2002;AB-;
Direct Web Assistant          ;Nikita              ;Ziegler             ;lisann.leiwesmeier            ;02.07.1977;AB+;
Principal Optimization Coordin;Sabrina             ;Kopf                ;medine.wiese                  ;09.04.2005;A- ;
Lead Data Associate           ;Felicia             ;Heberstreit         ;ilayda.isak                   ;10.12.1987;AB+;
National Security Supervisor  ;Ben                 ;Ryzih               ;alexia.taufratshofer          ;24.02.2005;B+ ;
Principal Configuration Agent ;Katrin              ;Vater               ;oskar.klink                   ;05.12.1984;A+ ;
Corporate Solutions Coordinato;Dustin              ;Kelm                ;brandon.kohnle                ;14.03.1970;AB-;
Customer Division Manager     ;Dorian              ;Knies               ;teo.langfeld                  ;17.01.1960;A- ;
Customer Usability Representat;Josefin             ;Rietscher           ;celine.braun                  ;28.10.1998;O+ ;
Future Intranet Officer       ;Jane                ;Elbe                ;caroline.szendrei             ;11.03.1989;B- ;
Corporate Intranet Officer    ;Maike               ;Edorh               ;jara.rabenstein               ;05.01.1997;A+ ;
Principal Paradigm Engineer   ;Fiete               ;Tafelmeier          ;eda.nastvogel                 ;16.09.1966;AB+;
Dynamic Solutions Executive   ;Aliya               ;Kustermann          ;ruby.heiser                   ;06.04.1980;AB-;
Investor Response Assistant   ;Mohammed            ;Reifenrath          ;frederick.gaba                ;25.02.1966;O- ;
Forward Data Architect        ;Dorian              ;Kluge               ;boris.kaiser                  ;21.09.1992;A- ;
Principal Markets Facilitator ;Vivienne            ;Hermann             ;yannick.vogt                  ;09.12.1978;B- ;
Dynamic Interactions Producer ;Greta               ;Ehm                 ;mona.klein                    ;17.12.1988;B- ;
Customer Solutions Representat;Lee                 ;Hentschke           ;emmy.swillims                 ;06.05.1979;B- ;
Global Factors Officer        ;Enno                ;Linnenbaum          ;jona.riekmann                 ;23.09.1965;O+ ;
Chief Division Architect      ;Janine              ;Sujew               ;sina.stengel                  ;07.06.1997;AB-;
Dynamic Research Associate    ;Hugo                ;Motchebon           ;edwin.bloch                   ;08.04.1959;A+ ;
Global Configuration Specialis;Tore                ;Barr                ;romeo.paukner                 ;17.05.1981;O+ ;
District Program Engineer     ;Magdalena           ;Zekl                ;helena.goedicke               ;08.11.1999;AB-;
Dynamic Identity Facilitator  ;Maira               ;Kúhnert             ;efe.koubaa                    ;05.10.1963;O+ ;
Product Quality Supervisor    ;Angelo              ;Betz                ;iven.liebe                    ;13.09.1978;B- ;
Chief Factors Manager         ;Lola                ;Slotta              ;johanna.matschke              ;06.09.1975;A- ;
Principal Metrics Producer    ;Carsten             ;Hermecke            ;julie.greb                    ;29.07.1982;A- ;
Regional Creative Director    ;Klaas               ;Buchrucker          ;lyn.anggreny                  ;08.09.1986;AB+;
Lead Integration Associate    ;Patrick             ;Poehn               ;carolin.börgeling             ;02.05.1963;AB+;
Lead Applications Producer    ;Emil                ;Reiber              ;liana.uliczka                 ;18.11.1987;A- ;
National Infrastructure Strate;Jasper              ;Häfner              ;abigail.brüggmann             ;15.05.1976;B- ;
Product Optimization Assistant;Annemarie           ;Theele              ;jeremias.tietze               ;06.08.1985;AB-;
Forward Security Developer    ;Tara                ;Richter             ;giuliana.polifka              ;04.10.1993;B+ ;
Future Configuration Liaison  ;Samira              ;Möllenbeck          ;jamila.freigang               ;29.11.2000;AB-;
Legacy Research Technician    ;Liv                 ;Edorh               ;noel.abicht                   ;23.12.1993;O- ;
International Functionality Sp;Fabio               ;Schirrmeister       ;natalia.knobel                ;25.02.1969;O+ ;
Investor Data Developer       ;Pepe                ;Schönberg           ;sandy.jamrozy                 ;20.10.1968;A+ ;
Human Communications Coordinat;Nisa                ;Löser               ;tamina.kappler                ;05.06.1983;O- ;
Regional Group Administrator  ;Nadine              ;Blum                ;yusuf.einert                  ;05.11.1964;A- ;
International Configuration Sp;Alisa               ;Mielke              ;finn.töpfer                   ;24.03.1962;AB-;
Senior Factors Associate      ;Friedrich           ;Schulz              ;christian.stepanov            ;11.03.1962;A- ;
District Usability Technician ;Jayson              ;Hesse               ;yves.dahmen                   ;24.09.1990;B+ ;
Global Assurance Director     ;Patricia            ;Schönlebe           ;emmi.kempter                  ;25.08.1994;B- ;
District Configuration Directo;Juliana             ;Clarius             ;amina.hanenberger             ;09.12.1972;A- ;
Regional Markets Developer    ;Taylor              ;Hamann              ;lucy.gierisch                 ;05.07.1983;B+ ;
Senior Interactions Architect ;Karlotta            ;Kulma               ;neo.ryjikh                    ;25.04.1971;O+ ;
Dynamic Directives Associate  ;Elaine              ;Hirsch              ;lionel.höhne                  ;31.08.2002;AB-;
National Assurance Consultant ;Maddox              ;Beyer               ;marina.hentel                 ;14.04.1987;O+ ;
Lead Creative Liaison         ;Estelle             ;Koderisch           ;loris.danner                  ;01.10.1974;B+ ;
Central Security Agent        ;Fritz               ;Schuldt             ;amalia.karus                  ;30.08.1983;B- ;
Investor Branding Director    ;Jon                 ;Battke              ;thomas.heidelmann             ;30.05.1969;A- ;
Dynamic Optimization Analyst  ;Lotta               ;Pietsch             ;connor.breu                   ;13.12.1970;O+ ;
Global Data Technician        ;Janosch             ;Wachenbrunner       ;allegra.wiebe                 ;29.03.1998;B+ ;
Global Marketing Coordinator  ;Annika              ;Ahrens              ;ismail.krebs                  ;12.08.1975;O+ ;
Legacy Identity Liaison       ;Sandy               ;Seidel              ;kaan.dittmann                 ;06.03.1980;B- ;
Lead Branding Specialist      ;Ansgar              ;Janich              ;levin.giehl                   ;23.05.1995;A+ ;
Central Functionality Associat;Alfred              ;Teufel              ;falk.knies                    ;11.10.2003;B- ;
Customer Interactions Orchestr;Chayenne            ;Steuk               ;kerem.prange                  ;12.05.1989;O+ ;
Dynamic Research Developer    ;Damien              ;Walther             ;collien.rhoden                ;17.06.1988;O+ ;
Global Metrics Director       ;Ylvi                ;Kampschulte         ;mette.riediger                ;05.11.1974;AB-;
International Division Coordin;Catharina           ;Heydemüller         ;alessia.schersing             ;30.07.2003;A- ;
Legacy Configuration Director ;Arved               ;Bauschke            ;maksim.gromisch               ;23.02.1965;AB-;
Chief Brand Supervisor        ;Lucian              ;Kuhnen              ;kai.cordes                    ;25.12.1973;O+ ;
Future Solutions Facilitator  ;Muhammed            ;Martel              ;arno.räntsch                  ;16.08.1991;B+ ;
Dynamic Security Executive    ;Delia               ;Graf                ;milan.kesselschläger          ;15.07.1973;O- ;
Regional Operations Technician;Cosima              ;Rabenstein          ;vivien.siebert                ;12.01.2005;B- ;
Chief Operations Manager      ;Pia                 ;Menga               ;meike.busse                   ;12.09.1999;AB+;
Future Research Assistant     ;Johanna             ;Kreb                ;burak.prey                    ;13.12.1986;O+ ;
Corporate Paradigm Architect  ;Lenia               ;Striezel            ;leon.nabein                   ;08.11.1963;AB-;
Senior Metrics Planner        ;Salome              ;Dutkiewicz          ;dina.bruhns                   ;30.10.1963;B+ ;
International Markets Develope;Aleyna              ;Wittich             ;milan.gutowicz                ;08.05.1993;O- ;
Chief Marketing Manager       ;Dominik             ;Gunther             ;jaden.rapp                    ;22.11.2001;A+ ;
International Integration Asso;Hendrik             ;Gradzki             ;alana.aryee                   ;11.02.1983;O- ;
Senior Optimization Facilitato;Freya               ;Jambor              ;carolin.geisler               ;10.12.1972;O+ ;
Corporate Response Officer    ;Sky                 ;Bäcker              ;susanne.pohle                 ;29.01.2000;A+ ;
Corporate Program Producer    ;Fiona               ;Hasler              ;abigail.ekpo                  ;05.07.1988;AB-;
Future Security Engineer      ;Bianka              ;Burkhard            ;ariane.dengler                ;10.07.1962;A+ ;
Regional Accounts Developer   ;Leann               ;Bethke              ;thorben.kausemann             ;27.04.1997;B+ ;
Forward Program Officer       ;Mateo               ;Riepl               ;matthias.meisch               ;12.06.1982;AB+;
Central Group Facilitator     ;Finnja              ;Küter               ;maryam.loogen                 ;30.08.1987;AB-;
Global Division Consultant    ;Cecile              ;Eggenmueller        ;dilara.grimm                  ;05.06.1970;AB-;
Investor Accounts Assistant   ;Anne                ;Flottmann           ;carmen.krippner               ;05.09.1975;A+ ;
